Category,Reference,
Hope,Jeremiah 29:11,
Hope,Romans 15:13,
Hope,Isaiah 40:31,
Hope,Lamentations 3:22-23,
Hope,Psalm 33:18,
Hope,Proverbs 23:18,
Hope,Romans 8:24-25,
Hope,Hebrews 10:23,
Hope,Psalm 130:5,
Hope,Titus 2:13,
Hope,Psalm 42:5,
Hope,1 Thessalonians 5:8,
Hope,Micah 7:7,
Hope,Ephesians 1:18,
Hope,Isaiah 41:10,
Hope,Psalm 119:114,
Hope,Job 11:18,
Hope,Romans 5:5,
Hope,1 Peter 1:3,
Hope,Zephaniah 3:17,
Hope,Psalm 31:24,
Hope,Hebrews 6:19,
Hope,Colossians 1:27,
Hope,2 Thessalonians 2:16,
Hope,Pslam 27:13-14,
Hope,1 Peter 1:13,
Hope,2 Corinthians 4:17-18,
Hope,Revelation 21:4,
Hope,Psalm 71:5,
Hope,John 16:33,
Hope,Isaiah 26:3,
Hope,Acts 2:26,
Hope,Psalm 9:18,
Hope,Luke 1:37,
Hope,Isaiah 43:2,
Hope,Romans 12:12,
Hope,Galatians 6:9,
Hope,Psalm 62:5,
Hope,Lamentations 3:24,
Hope,Deuteronomy 31:6,
Hope,Proverbs 24:14,
Hope,Titus 3:7,
Hope,Psalm 146:5,
Hope,2 Corinthians 1:10,
Hope,Pslam 37:39-40,
Hope,John 14:27,
Hope,Isaiah 12:2,
Hope,1 Peter 5:10,
Hope,Romans 15:4,
Hope,Pslam 147:11,
Hope,1 Thessalonians 1:3,
Motivation,Philippians 4:13,
Motivation,Hebrews 12:1-2,
Motivation,2 Timothy 1:7,
Motivation,1 Corinthians 15:58,
Motivation,Galatians 6:9,
Motivation,Joshua 1:9,
Motivation,Colossians 3:23,
Motivation,Romans 8:31,
Motivation,Ephesians 6:10,
Motivation,Proverbs 3:5-6,
Motivation,1 Corinthians 9:24,
Motivation,Psalm 28:7,
Motivation,Romans 12:11,
Motivation,Psalm 18:32,
Motivation,Isaiah 41:10,
Motivation,John 16:33,
Motivation,James 1:12,
Motivation,Proverbs 4:25-27,
Motivation,Romans 8:28,
Motivation,Pslam 121:1-2,
Motivation,2 Chronicles 15:7,
Motivation,John 14:27,
Motivation,1 Peter 4:10,
Motivation,2 Thessalonians 3:13,
Motivation,Proverbs 14:23,
Motivation,Matthew 5:16,
Motivation,Psalm 34:17,
Motivation,James 1:5,
Motivation,Hebrews 10:24-25,
Motivation,Romans 5:3-5,
Motivation,Isaiah 40:29,
Motivation,Ecclesiastes 9:10,
Motivation,2 Peter 1:10,
Motivation,Psalm 23:4,
Motivation,Colossians 1:11,
Motivation,Ephesians 3:20,
Motivation,1 Timothy 4:12,
Motivation,Proverbs 16:3,
Motivation,Revelation 3:8,
Motivation,Psalm 37:4-5,
Motivation,Matthew 6:33,
Motivation,John 15:5,
Motivation,Romans 14:8,
Motivation,Isaiah 43:2,
Motivation,Micah 6:8,
Motivation,Pslam 90:17,
Motivation,Luke 1:45,
Motivation,Hebrews 13:5-6,
Motivation,Psalm 138:8,
Motivation,John 13:7,
Anxiety,1 Peter 5:7,
Anxiety,Matthew 6:34,
Anxiety,Psalm 94:19,
Anxiety,Isaiah 41:10,
Anxiety,Philippians 4:6-7,
Anxiety,John 14:27,
Anxiety,Psalm 23:1-4,
Anxiety,Proverbs 12:25,
Anxiety,Luke 12:25-26,
Anxiety,Joshua 1:9,
Anxiety,2 Timothy 1:7,
Anxiety,Pslam 56:3,
Anxiety,Matthew 11:28-30,
Anxiety,Romans 8:38-39,
Anxiety,Isaiah 26:3,
Anxiety,Romans 15:13,
Anxiety,Hebrews 13:5-6,
Anxiety,Lamentations 3:22-23,
Anxiety,Psalm 46:1-3,
Anxiety,Deuteronomy 31:6,
Anxiety,Psalm 121:1-2,
Anxiety,2 Thessalonians 3:16,
Anxiety,1 John 4:18,
Anxiety,Exodus 14:14,
Anxiety,Isaiah 40:29-31,
Anxiety,Zephaniah 3:17,
Anxiety,Isaiah 43:2,
Anxiety,Proverbs 3:5-6,
Anxiety,Pslam 55:22,
Anxiety,Hebrews 4:16,
Anxiety,Matthew 10:29-31,
Anxiety,Psalm 34:17-18,
Anxiety,Psalm 139:23-24,
Anxiety,Isaiah 12:2,
Anxiety,Luke 10:41-42,
Anxiety,2 Corinthians 12:9,
Anxiety,James 1:2-4,
Anxiety,Genesis 50:20,
Anxiety,Psalm 112:7,
Anxiety,Ecclesiastes 3:1,
Anxiety,Romans 12:12,
Anxiety,Colossians 3:15,
Anxiety,John 16:33,
Anxiety,Psalm 16:8,
Anxiety,Romans 5:1,
Anxiety,Ephesians 2:14,
Anxiety,Luke 12:6-7,
Anxiety,Matthew 6:27,
Anxiety,Psalm 27:1,
Anxiety,1 Corinthians 10:13,
Gratitude,1 Thessalonians 5:18,
Gratitude,Psalm 107:1,
Gratitude,Colossians 3:15,
Gratitude,Ephesians 5:20,
Gratitude,Psalm 100:4,
Gratitude,Hebrews 12:28,
Gratitude,James 1:17,
Gratitude,Psalm 95:2,
Gratitude,Philippians 4:6,
Gratitude,2 Corinthians 9:11,
Gratitude,Isaiah 12:4,
Gratitude,Psalm 103:2,
Gratitude,Colossians 4:2,
Gratitude,Daniel 2:23,
Gratitude,Psalm 118:24,
Gratitude,Psalm 28:7,
Gratitude,Romans 1:21,
Gratitude,1 Chronicles 16:34,
Gratitude,Luke 17:15-16,
Gratitude,Jonah 2:9,
Gratitude,1 Timothy 4:4,
Gratitude,Revelation 11:17,
Gratitude,Psalm 145:10,
Gratitude,2 Corinthians 4:15,
Gratitude,Psalm 86:12,
Gratitude,Ephesians 1:16,
Gratitude,Psalm 69:30,
Gratitude,Nehemiah 12:46,
Gratitude,Colossians 2:7,
Gratitude,Pslam 9:1,
Gratitude,Pslam 118:1,
Gratitude,1 Chronicles 29:13,
Gratitude,Psalm 136:1,
Gratitude,Lamentations 3:23,
Gratitude,Psalm 92:1,
Gratitude,1 Corinthians 1:4,
Gratitude,Job 1:21,
Gratitude,Habakkuk 3:17-18,
Gratitude,Romans 8:28,
Gratitude,Psalm 50:14,
Gratitude,Leviticus 7:12,
Gratitude,Ephesians 5:19-20,
Gratitude,2 Corinthians 2:14,
Gratitude,Hebrews 13:15,
Gratitude,1 Samuel 12:24,
Gratitude,Philippians 1:3,
Gratitude,Pslam 30:12,
Gratitude,Colossians ,
Identity,2 Corinthians 5:17,
Identity,Galatians 2:20,
Identity,Ephesians 2:10,
Identity,1 Peter 2:9,
Identity,Romans 8:16-17,
Identity,John 1:12,
Identity,Colossians 3:3,
Identity,1 John 3:1,
Identity,Ephesians 1:4-5,
Identity,Romans 12:2,
Identity,Genesis 1:27,
Identity,Philippians 3:20,
Identity,Colossians 2:9-10,
Identity,Romans 6:6,
Identity,1 Corinthians 6:19-20,
Identity,John 15:15,
Identity,Ephesians 4:24,
Identity,Romans 8:1,
Identity,1 Corinthians 12:27,
Identity,Galatians 3:26-28,
Identity,1 Thessalonians 5:5,
Identity,John 10:14,
Identity,Romans 8:29,
Identity,2 Timothy 1:7,
Identity,1 John 4:4,
Identity,Ephesians 2:19,
Identity,John 17:22-23,
Identity,1 Corinthians 1:30,
Identity,Isaiah 43:1,
Identity,Matthew 5:14,
Identity,Romans 5:8,
Identity,1 John 2:27,
Identity,Colossians 1:13-14,
Identity,Galatians 4:7,
Identity,1 Corinthians 3:16,
Identity,Psalm 139:13-14,
Identity,John 3:16,
Identity,Ephesians 1:13-14,
Identity,Romans 8:37,
Identity,2 Corinthians 1:21-22,
Identity,1 John 5:18,
Identity,Hebrews 4:16,
Identity,Philippians 1:6,
Identity,John 8:36,
Identity,Romans 3:24,
Identity,1 Peter 1:23,
Identity,2 Corinthians 3:18,
Identity,Colossians 3:12,
Identity,1 John 5:11-12,
